[
  {
    "title": "Systeme.io Review (2025)",
    "summary": "Funnels, email & automation all-in-one for creators and entrepreneurs.",
    "url": "/reviews/systeme-io.html",
    "category": "Marketing"
  },
  {
    "title": "Writesonic Review (2025)",
    "summary": "AI writing for blogs and SEO in minutes with practical workflows.",
    "url": "/reviews/writesonic.html",
    "category": "Writing"
  },
  {
    "title": "Pictory Review (2025)",
    "summary": "Turn scripts and blog posts into videos with captions and stock B-roll.",
    "url": "/reviews/pictory.html",
    "category": "Video"
  }
]